gene,selection_count,median_coefficient,selection_frequency
C1QC,46,-0.07046634905345028,0.92
LGMN,44,-0.04580844750774649,0.88
C1QA,42,-0.0704277288157423,0.84
MPEG1,42,-0.06134675570311235,0.84
C1QB,41,-0.0667933746313706,0.82
UCP2,41,-0.04126590988942069,0.82
STAB1,38,-0.032309979233679634,0.76
HPGDS,35,-0.05068435436103468,0.7
LAIR1,35,-0.03551346521347546,0.7
F13A1,34,-0.044913302449204925,0.68
PLA2G5,34,-0.06011830987752641,0.68
TDRP,33,0.07709163503050014,0.66
ADAP2,31,-0.04388665692099422,0.62
CD248,30,-0.04864325706770361,0.6
TMEM185A,29,-0.1631509616387671,0.58
SIGLEC1,27,-0.04347396601746933,0.54
CSF1R,26,-0.01574396418156363,0.52
PLXND1,24,-0.043076590817574444,0.48
CD209,23,-0.038791961261863024,0.46
SUSD1,23,-0.08052926529438094,0.46
CLEC7A,21,0.22655051771091836,0.42
GPR146,21,-0.020341030009276066,0.42
TMEM109,21,-0.16243136580407183,0.42
PSAP,20,-0.03485079596046976,0.4
CASP9,19,0.39218205827518665,0.38
ALX1,17,-0.038978586127860836,0.34
RP11-6I2.3,17,-0.09092876699650561,0.34
SGCG,17,-0.076509224819707,0.34
CCL13,16,-0.049581369375713086,0.32
LILRB5,16,-0.013550649377349653,0.32
CTD-2325A15.5,15,-0.07131314153009109,0.3
EVA1A,15,0.03673446197841267,0.3
IL10RA,15,-0.03279375867929274,0.3
TPP1,15,-0.011597067827416513,0.3
ISLR,14,-0.08504833192979189,0.28
CNR1,13,0.0779289787379862,0.26
LOC101929747,13,-0.04428656134459875,0.26
LOC284825,13,-0.03553986269622408,0.26
PLEK,13,-0.027914413782868845,0.26
LIMD1,12,-0.1760498044566184,0.24
CTSZ,10,-0.043256116174239564,0.2
PLD3,10,-0.04790244406184814,0.2
RNASE1,10,-0.16544539672611297,0.2
SUOX,10,-0.05860578189326453,0.2
ANGPTL2,9,-0.04994370237285845,0.18
FOXM1,9,0.12327830193739857,0.18
NT5C1A,9,0.055647337704182946,0.18
SRD5A3,9,-0.04374117866225196,0.18
VAT1,9,-0.037068642460646416,0.18
C20orf194,8,-0.04570226570454732,0.16
CSTA,8,-0.04204008647112891,0.16
DAB2,8,0.004077659792824293,0.16
GGA2,8,-0.08375010247385464,0.16
KIAA1644,8,0.18736032418643223,0.16
PAXIP1-AS1,8,-0.05701591278123475,0.16
RPS27A,8,0.06681247665308358,0.16
SLC46A3,8,-0.014058289708946105,0.16
USP30,8,-0.05785663890681285,0.16
CLEC4GP1,7,-0.060424905010449476,0.14
FKBP15,7,-0.031843903135760965,0.14
MGAT1,7,-0.04522983771481787,0.14
MGLL,7,-0.039112727287185296,0.14
MIR4647,7,-0.1945111443486243,0.14
MMP14,7,-0.046997763450287514,0.14
RP11-433A10.3,7,0.040484110296981096,0.14
SLIT3,7,-0.14496399824006975,0.14
SURF4,7,-0.01608665654513223,0.14
AHNAK,6,-0.05225621720245957,0.12
CD84,6,-0.04271128462768255,0.12
GALNT12,6,-0.023749966429249838,0.12
GDE1,6,0.14274651066568705,0.12
KRT222,6,-0.01888174691803756,0.12
NGEF,6,0.0756142023542217,0.12
NINJ1,6,-0.08047598613191047,0.12
PPL,6,-0.18353994275461877,0.12
VSIG4,6,-0.01849356096106977,0.12
ZNF385A,6,-0.035619448630003395,0.12
ACP2,5,-0.0295227397551441,0.1
ALDH2,5,-0.07115153884194328,0.1
CECR1,5,-0.018263651108669798,0.1
EPB41L1,5,-0.08458592970826063,0.1
ICAM4,5,0.027208278087013257,0.1
KCTD15,5,0.03277657734545353,0.1
KLB,5,-0.04115434659945026,0.1
LOC100506797,5,0.13223389210829686,0.1
MEIS1,5,-0.05054474179718242,0.1
PLTP,5,-0.04449409333440102,0.1
POLR2E,5,-0.03299627190545629,0.1
SEPP1,5,-0.009661346641677634,0.1
ADAMTSL1,4,-0.05428312412034574,0.08
AKR1B1,4,-0.005976910063493124,0.08
BCAT1,4,-0.013503957504976374,0.08
CD14,4,-0.04803089671756213,0.08
FOS,4,0.04658571652260789,0.08
GAS7,4,-0.04015786898303707,0.08
HECTD3,4,0.012323875731456567,0.08
HNMT,4,-0.05178147723525872,0.08
IGDCC4,4,-0.12477412532400928,0.08
KCNN2,4,0.0906308146899553,0.08
LAMA4,4,0.0567800888666353,0.08
MAF,4,0.0772641184783591,0.08
NHEJ1,4,-0.07001662679914751,0.08
P2RY14,4,-0.02875564538157412,0.08
PALM,4,-0.028798384133998475,0.08
PDCD1LG2,4,-0.04178277688267386,0.08
PDGFC,4,-0.01619818229930963,0.08
PEX2,4,-0.17684513684415898,0.08
RPL32P3,4,-0.030225058641354538,0.08
SCARA5,4,-0.002357054776348834,0.08
SCN9A,4,-0.0029377814498855615,0.08
SLC11A1,4,0.0401539712131856,0.08
TNXA,4,-0.04463289964794859,0.08
ANKH,3,0.04106797276954725,0.06
ANO2,3,0.16458044552155124,0.06
ARRB1,3,-0.050322108982512215,0.06
CD68,3,-0.02556564739741603,0.06
CD99,3,-0.02291709400143487,0.06
CFH,3,-0.02002165959829947,0.06
CIT,3,0.008178243792488157,0.06
CRYL1,3,-0.046762096621815644,0.06
CSRNP1,3,0.03050822319325921,0.06
EGR1,3,0.06056815972278144,0.06
EMB,3,-0.017776695418844083,0.06
FAXDC2,3,0.08870133753708576,0.06
GNPDA1,3,-0.04000324498114757,0.06
GPNMB,3,-0.018474823538500978,0.06
LYVE1,3,0.0489536801387045,0.06
OS9,3,-0.02427893701673098,0.06
PREB,3,-0.040617211969756345,0.06
SPATA18,3,-0.03498323347136229,0.06
SYTL4,3,-0.046088916793124254,0.06
TMEM184B,3,-0.03937812628425441,0.06
TNFAIP2,3,-0.039879694677677345,0.06
ZDHHC7,3,-0.04066162559544429,0.06
AATK,2,0.15487629102545006,0.04
ABCA6,2,-0.06446859099668746,0.04
APLP2,2,0.14709808579374126,0.04
BLCAP,2,0.02469646642445734,0.04
BMP2,2,0.1122272601061257,0.04
C11orf30,2,-0.20304194011892412,0.04
C7orf49,2,0.10151697633925044,0.04
CCDC115,2,-0.047654249687160505,0.04
CCL3,2,0.26165549534027505,0.04
CD34,2,-0.05335111943023809,0.04
CLSTN1,2,-0.05061520442513199,0.04
CTSB,2,0.061886358476677596,0.04
CTSC,2,-0.3644757142053727,0.04
CYBB,2,-0.061262268168850706,0.04
EI24,2,-0.10916591334759743,0.04
FMO3,2,-0.15774796910687955,0.04
FOSB,2,0.03168880534817505,0.04
GNS,2,0.0018227970910807533,0.04
GPI,2,-0.035532009144068635,0.04
HLA-DMB,2,-0.04669552096438495,0.04
HRH1,2,-0.02889056161408045,0.04
ITGAX,2,-0.09697808434618889,0.04
KCNK3,2,0.10396052132293469,0.04
KRTAP3-1,2,0.2928279637736923,0.04
LEPR,2,0.0023664955878943596,0.04
LINC01133,2,-0.03562985585049432,0.04
LINC01140,2,0.034908964087732974,0.04
LINC01279,2,-0.003321128741976739,0.04
LOC100506282,2,0.3473194621106264,0.04
LOC645166,2,-0.1831498183083487,0.04
LPGAT1,2,-0.20021401055415133,0.04
MPP1,2,-0.037627006204845416,0.04
MYO1C,2,0.18868163362968132,0.04
NLN,2,-0.1432112039566144,0.04
NRK,2,0.3982057292903072,0.04
PAPPA2,2,0.1252587146648799,0.04
PEPD,2,-0.0351922915292389,0.04
PIFO,2,-0.27574639721609484,0.04
PPP1R15A,2,0.03184464174508596,0.04
PRKCSH,2,0.001737486172149156,0.04
PTPRF,2,-0.015390981098034053,0.04
RP11-225H22.4,2,0.05640006512880724,0.04
RP11-401P9.4,2,0.13062612037403434,0.04
RP11-50B3.4,2,0.03772359228644562,0.04
SLC12A7,2,-0.03353545324140883,0.04
SNN,2,-0.06681772958001612,0.04
STS,2,-0.04599919709138675,0.04
TBC1D8,2,-0.26436800231824154,0.04
TLE2,2,0.10686991042357635,0.04
TNC,2,0.19330915700183382,0.04
TRABD2B,2,0.07331688060490595,0.04
TRIM8,2,-0.0135319677294908,0.04
ZCCHC24,2,-0.013941519664716009,0.04
ZNF492,2,-0.04597109390465564,0.04
ABCC1,1,0.05563814564998305,0.02
ABHD14A,1,0.13568052299932404,0.02
ADAMTS5,1,-0.11887531560193942,0.02
ADRBK2,1,-0.041846370176765846,0.02
AKAP6,1,-0.3222857176973517,0.02
AP000266.7,1,0.01563371932877144,0.02
ARHGAP26,1,0.2813886287944302,0.02
ART4,1,0.10500535426518236,0.02
ASB13,1,-0.04511674250462693,0.02
BC022568,1,0.03649444423340468,0.02
C3,1,-0.02357735073324784,0.02
CCDC69,1,0.2528932273468064,0.02
CCDC80,1,0.011898207008013412,0.02
CCT4,1,-0.19668079980174,0.02
CD163L1,1,-0.10206398765618584,0.02
CD200R1,1,-0.04413838109419019,0.02
CD24,1,-0.09283547008657148,0.02
CD4,1,-0.20307796120858662,0.02
CD81,1,-0.040330808183592776,0.02
CFD,1,-0.23148070165076778,0.02
CHI3L1,1,0.2724333205777334,0.02
CHMP4C,1,0.03499890483377759,0.02
CHP1,1,0.15803862944189834,0.02
CLCN6,1,-0.0873660828996199,0.02
CLEC3B,1,-0.18443787157126537,0.02
CMTM3,1,-0.20912374348684637,0.02
COPG1,1,-0.016089539314600932,0.02
CTSA,1,-0.035666695737129175,0.02
CTSK,1,0.14534221143795273,0.02
CUTC,1,-0.020538447040232586,0.02
DDX41,1,-0.0427694019706668,0.02
DFNA5,1,-0.02532308971331148,0.02
DRAM2,1,0.20918621825402198,0.02
DRG1,1,-0.04209903430962878,0.02
EMP3,1,0.07341311582040203,0.02
EPG5,1,-0.2773326322266097,0.02
ERC2,1,0.0512536860526927,0.02
ESYT1,1,0.04484246872506372,0.02
F2RL3,1,0.45514292565284015,0.02
F8A1,1,0.1462156782023753,0.02
FMNL3,1,0.04376671626705679,0.02
FMO1,1,-0.028048033156714523,0.02
GABPB1-AS1,1,-0.2718314950121801,0.02
GADD45B,1,0.025611207881856144,0.02
GFPT2,1,-0.07531337526648967,0.02
GPX1,1,-0.036510804879136494,0.02
GXYLT2,1,-0.009535528055269377,0.02
GYPC,1,-0.03697124499956945,0.02
HEPH,1,-0.30018806553312194,0.02
HNF1B,1,0.05864050406504034,0.02
HRC,1,0.023929508330785616,0.02
ITIH3,1,0.06719860928831271,0.02
KIAA0020,1,0.033727012323395256,0.02
LCN6,1,0.17058441088472398,0.02
LMAN1,1,-0.017979229597644416,0.02
LOC100287896,1,0.19156673302935526,0.02
LOC100996643,1,0.3747164253514007,0.02
LOC101927877,1,0.22318440480661503,0.02
LOC284926,1,0.13873195462182017,0.02
LOC400043,1,-0.017306920820112273,0.02
LRRC4,1,-0.08412480174311723,0.02
LRRN4CL,1,-0.050831405383790246,0.02
LSM6,1,0.21670841243807526,0.02
M6PR,1,0.40595348045866314,0.02
MAN1C1,1,0.10521042229282027,0.02
MAPK9,1,-1.1649465738361475,0.02
MED25,1,-0.31799087629121137,0.02
MLEC,1,-0.043114414558705044,0.02
MOXD1,1,-0.044112156360063395,0.02
MR1,1,-0.13228398608360104,0.02
MRC1,1,-0.011405967109647192,0.02
MS4A4A,1,0.054828389213234165,0.02
MXRA5,1,-0.21941484950252513,0.02
MYO7A,1,-0.024232681302622162,0.02
NAAA,1,-0.2388156575790199,0.02
NFE2L1,1,-0.15461753583718535,0.02
NIM1K,1,0.08540743954164527,0.02
NNAT,1,-0.3792888606011319,0.02
NOTCH2,1,0.12404502231453483,0.02
NUDT9P1,1,0.024531144668712847,0.02
OGG1,1,0.0531184181238659,0.02
OLFML1,1,-0.019205869588694142,0.02
OLFML3,1,0.23029579229620073,0.02
OSCP1,1,-0.08350936560429549,0.02
PCDHA1,1,0.043316128309330355,0.02
PCOLCE,1,-0.08755742111321738,0.02
PDE4B,1,0.039945641972640014,0.02
PDGFRL,1,-0.364237206280471,0.02
PIK3CG,1,-0.013995838211999642,0.02
PMS2P4,1,-0.7814474725659698,0.02
PPAP2B,1,-0.01974604654533336,0.02
PPP6R3,1,-0.062470607288423734,0.02
PRR13,1,-0.040978743840673584,0.02
RAB30,1,-0.021208677415696778,0.02
RNF135,1,-0.015440513947683233,0.02
RP1-286D6.5,1,0.10463818261480251,0.02
RP11-108K3.2,1,0.08593107750246597,0.02
RP11-250B2.6,1,0.25113054041281774,0.02
RP11-330O11.3,1,-0.11061484170523452,0.02
RP11-521I2.3,1,0.031289616721904084,0.02
RSPO3,1,0.06944191796373325,0.02
RTN3,1,-0.012009906860118793,0.02
RUFY1,1,-0.049239991191059165,0.02
S100A8,1,0.24683233046191427,0.02
S100A9,1,0.29636015836877944,0.02
SERPINA1,1,0.19549861697884885,0.02
SIK1,1,0.08257358452258172,0.02
SLC25A1,1,-0.04542062828509417,0.02
SLC25A6,1,-0.03310019667852461,0.02
SLC38A1,1,0.14461581213571703,0.02
SLC39A1,1,-0.018361224401818723,0.02
SLC8A1,1,0.054757173952761466,0.02
SOD3,1,-0.04852428086143188,0.02
SPRY1,1,0.18299701662092532,0.02
TBC1D1,1,0.029967033890624866,0.02
TBCEL,1,0.11494274418892399,0.02
TCTA,1,0.3433975977951968,0.02
TGM2,1,0.5809958812294942,0.02
THTPA,1,-0.5356884078184021,0.02
TLN2,1,0.1117935519614337,0.02
TMEM37,1,-0.040228558312723185,0.02
TNFRSF21,1,-0.01770912447323694,0.02
TRDV3,1,-0.016404579705077384,0.02
TRHDE-AS1,1,0.03415901148696547,0.02
TRIM34,1,-0.049372834299523306,0.02
TRIP11,1,-0.1053919492895646,0.02
TRMT112,1,0.11651883611828213,0.02
TWIST2,1,-0.0019765179044891157,0.02
USP2,1,0.047846147788466686,0.02
YPEL3,1,-0.19083276185037973,0.02
ZADH2,1,0.00962650711441867,0.02
ZC4H2,1,0.025036645354982075,0.02
ZFHX4-AS1,1,-0.021098689845221237,0.02
ZIC2,1,-0.029725402284866892,0.02
ZNF106,1,0.14619424980404966,0.02
ZNF18,1,-0.03249133458700075,0.02
ZNF213,1,-0.11133783266803832,0.02
ZNF431,1,-0.127088524399947,0.02
